matricule,CIN,nom,prenom,email
SD,,Dom,Livvyy,Dom.Livvyy@yopmail.com
HU,,Mott,Ada,Mott.Ada@yopmail.com
SC,,Syd,Tarra,Syd.Tarra@yopmail.com
AG,,Toor,Wilma,Toor.Wilma@yopmail.com
IS,,Fiester,Berget,Fiester.Berget@yopmail.com
KG,,Peonir,Veda,Peonir.Veda@yopmail.com
TR,,Carri,Merci,Carri.Merci@yopmail.com
DM,,Yuille,Daryl,Yuille.Daryl@yopmail.com
TM,,Prouty,Felice,Prouty.Felice@yopmail.com
BN,,Alva,Belva,Alva.Belva@yopmail.com