matricule,CIN,nom,prenom,email
IO,,Alva,Blinni,Alva.Blinni@yopmail.com
HU,,Dominy,Sarette,Dominy.Sarette@yopmail.com
MT,,Ashok,Zsa Zsa,Ashok.Zsa Zsa@yopmail.com
TG,,Lumbard,Collen,Lumbard.Collen@yopmail.com
AF,,Rogerio,Gerrie,Rogerio.Gerrie@yopmail.com
BE,,Drisko,Aurelie,Drisko.Aurelie@yopmail.com
TT,,Schlosser,Aaren,Schlosser.Aaren@yopmail.com
VE,,Oriana,Celene,Oriana.Celene@yopmail.com
US,,Carmena,Sarette,Carmena.Sarette@yopmail.com
MQ,,Prober,Roslyn,Prober.Roslyn@yopmail.com