matricule,CIN,nom,prenom,email
HK,,O'Carroll,Dorthy,O'Carroll.Dorthy@yopmail.com
LI,,Penelopa,Charmaine,Penelopa.Charmaine@yopmail.com
BR,,Vanni,Lizzie,Vanni.Lizzie@yopmail.com
HN,,Khorma,Barbara,Khorma.Barbara@yopmail.com
SB,,Lewes,Jerry,Lewes.Jerry@yopmail.com
LV,,Paine,Collen,Paine.Collen@yopmail.com
SC,,Esmaria,Orelia,Esmaria.Orelia@yopmail.com
TT,,Poppy,Violet,Poppy.Violet@yopmail.com
ER,,Ingra,Inga,Ingra.Inga@yopmail.com
MW,,Longfellow,Kimberley,Longfellow.Kimberley@yopmail.com